"","Player","Team","Season","Position","Base Salary","Guaranteed Compensation","Date"
"","Lionel Messi","MIA","2024","F","$12,000,000","$20,446,668","2024-09-13"
"","Lorenzo Insigne","TOR","2024","F","$7,500,000","$15,400,000","2024-09-13"
"","Sergio Busquets","MIA","2024","M","$8,499,996","$8,774,996","2024-09-13"
"","Sebastián Driussi","ATX","2024","M","$4,500,000","$6,722,500","2024-09-13"
"","Federico Bernardeschi","TOR","2024","F","$3,125,000","$6,295,381","2024-09-13"
"","Emil Forsberg","NYRB","2024","F","$5,405,000","$6,035,625","2024-09-13"
"","Héctor Herrera","HOU","2024","M","$4,750,000","$5,246,875","2024-09-13"
"","Hany Mukhtar","NSH","2024","M","$3,800,000","$5,211,667","2024-09-13"
"","Christian Benteke","DCU","2024","F","$4,250,000","$4,687,500","2024-09-13"
"","Riqui Puig","LAG","2024","M","$4,000,000","$4,642,188","2024-09-13"
"","Carles Gil","NER","2024","M","$4,000,000","$4,452,083","2024-09-13"
"","Luis Muriel","ORL","2024","F","$2,832,817","$4,336,150","2024-09-13"
"","Luciano Acosta","CIN","2024","M","$2,960,000","$4,216,413","2024-09-13"
"","Joseph Paintsil","LAG","2024","F","$3,136,000","$4,182,000","2024-09-13"
"","Alan Pulido","SKC","2024","F","$3,600,000","$3,866,667","2024-09-13"
"","Aleksey Miranchuk","ATL","2024","M","$2,400,000","$3,685,441","2024-09-13"
"","Olivier Giroud","LAFC","2024","F","$2,800,000","$3,675,000","2024-09-13"
"","Dénis Bouanga","LAFC","2024","F","$2,920,000","$3,609,500","2024-09-13"
"","Teemu Pukki","MIN","2024","F","$3,200,000","$3,550,000","2024-09-13"
"","Hugo Cuypers","CHI","2024","F","$3,238,000","$3,528,044","2024-09-13"
"","Walker Zimmerman","NSH","2024","D","$3,200,000","$3,456,979","2024-09-13"
"","Diego Rossi","CLB","2024","M","$2,675,000","$3,376,827","2024-09-13"
"","Ryan Gauld","VAN","2024","M","$2,880,000","$2,985,000","2024-09-13"
"","Sam Surridge","NSH","2024","F","$2,500,000","$2,907,639","2024-09-13"
"","Cucho Hernández","CLB","2024","F","$2,600,000","$2,886,000","2024-09-13"
"","Stuart Armstrong","VAN","2024","M","$2,499,996","$2,877,774","2024-09-13"
"","Ezequiel Ponce","HOU","2024","F","$2,560,000","$2,822,200","2024-09-13"
"","Raúl Ruidíaz","SEA","2024","F","$2,000,000","$2,729,120","2024-09-13"
"","Jonathan Rodríguez","POR","2024","F","$1,775,000","$2,627,500","2024-09-13"
"","Thiago Martins","NYC","2024","D","$2,000,000","$2,462,000","2024-09-13"
"","Gabriel Pec","LAG","2024","F","$1,680,000","$2,459,000","2024-09-13"
"","Liel Abada","CLT","2024","F","$2,300,000","$2,448,500","2024-09-13"
"","Evander","POR","2024","M","$1,930,000","$2,355,000","2024-09-13"
"","Sebastián Ferreira","HOU","2024","F","$1,920,000","$2,290,200","2024-09-13"
"","Karol Swiderski","CLT","2024","F","$2,200,000","$2,258,000","2024-09-13"
"","Petar Musa","FCD","2024","F","$1,800,000","$2,230,000","2024-09-13"
"","Albert Rusnák","SEA","2024","M","$2,150,000","$2,221,667","2024-09-13"
"","Pep Biel","CLT","2024","M","$1,960,000","$2,214,147","2024-09-13"
"","Nicholas Gioacchini","CIN","2024","F","$2,000,004","$2,206,115","2024-09-13"
"","Jesús Ferreira","FCD","2024","F","$2,000,000","$2,204,000","2024-09-13"
"","Marcel Hartel","STL","2024","M","$1,797,600","$2,183,113","2024-09-13"
"","Mateusz Klich","DCU","2024","M","$1,900,000","$2,093,588","2024-09-13"
"","Cristian Arango","RSL","2024","F","$1,899,996","$2,088,746","2024-09-13"
"","Mikael Uhre","PHI","2024","F","$1,800,000","$2,040,000","2024-09-13"
"","Cristian Espinoza","SJE","2024","F","$1,820,000","$2,002,000","2024-09-13"
"","Kévin Cabral","COL","2024","F","$1,950,000","$1,950,000","2024-09-13"
"","Giacomo Vrioni","NER","2024","F","$1,700,000","$1,947,500","2024-09-13"
"","Lewis O'Brien","LAFC","2024","M","$1,600,000","$1,825,500","2024-09-13"
"","Facundo Torres","ORL","2024","F","$1,560,000","$1,812,400","2024-09-13"
"","Victor Wanyama","MTL","2024","M","$1,440,000","$1,800,000","2024-09-13"
"","Diogo Gonçalves","RSL","2024","M","$1,650,000","$1,797,108","2024-09-13"
"","Dániel Gazdag","PHI","2024","M","$1,600,000","$1,757,500","2024-09-13"
"","Paul Arriola","FCD","2024","F","$1,550,000","$1,729,400","2024-09-13"
"","Jordan Morris","SEA","2024","F","$1,683,750","$1,693,750","2024-09-13"
"","Carlos Gruezo","SJE","2024","M","$1,460,000","$1,681,086","2024-09-13"
"","Djordje Mihailovic","COL","2024","M","$1,350,000","$1,675,000","2024-09-13"
"","Alex Ring","ATX","2024","M","$1,525,000","$1,665,000","2024-09-13"
"","Roman Bürki","STL","2024","GK","$1,525,000","$1,657,469","2024-09-13"
"","Robin Lod","MIN","2024","M","$1,500,000","$1,639,375","2024-09-13"
"","Gastón Giménez","CHI","2024","M","$1,600,000","$1,633,333","2024-09-13"
"","Alan Velasco","FCD","2024","F","$1,250,000","$1,591,667","2024-09-13"
"","Miles Robinson","CIN","2024","D","$1,431,820","$1,578,580","2024-09-13"
"","Kellyn Acosta","CHI","2024","M","$1,392,188","$1,558,869","2024-09-13"
"","Cristian Roldan","SEA","2024","M","$1,420,000","$1,541,000","2024-09-13"
"","Darlington Nagbe","CLB","2024","M","$1,400,000","$1,540,000","2024-09-13"
"","Nemanja Radoja","SKC","2024","M","$1,440,000","$1,530,000","2024-09-13"
"","Matt Miazga","CIN","2024","D","$1,525,000","$1,525,000","2024-09-13"
"","Hannes Wolf","NYC","2024","F","$1,400,000","$1,510,000","2024-09-13"
"","Jordi Alba","MIA","2024","D","$1,250,000","$1,500,000","2024-09-13"
"","Luis Suárez","MIA","2024","F","$1,500,000","$1,500,000","2024-09-13"
"","Dante Vanzeir","NYRB","2024","F","$1,350,000","$1,489,767","2024-09-13"
"","João Paulo","SEA","2024","M","$1,400,000","$1,483,333","2024-09-13"
"","Felipe Mora","POR","2024","F","$1,275,000","$1,472,750","2024-09-13"
"","Rafael Navarro","COL","2024","F","$1,392,000","$1,449,600","2024-09-13"
"","Obinna Nwobodo","CIN","2024","M","$1,310,000","$1,444,400","2024-09-13"
"","Kelvin Yeboah","MIN","2024","F","$1,225,000","$1,427,200","2024-09-13"
"","Gastón Brugman","LAG","2024","M","$1,200,000","$1,409,000","2024-09-13"
"","Lewis Morgan","NYRB","2024","F","$1,250,000","$1,381,250","2024-09-13"
"","João Klauss","STL","2024","F","$1,230,000","$1,370,284","2024-09-13"
"","Martín Rodríguez","DCU","2024","F","$1,100,000","$1,366,200","2024-09-13"
"","Marlon","LAFC","2024","D","$1,350,000","$1,350,000","2024-09-13"
"","Eduard Löwen","STL","2024","M","$1,200,000","$1,344,250","2024-09-13"
"","Andreas Maxsø","COL","2024","D","$1,150,000","$1,342,500","2024-09-13"
"","Rafael Czichos","CHI","2024","D","$1,300,000","$1,336,667","2024-09-13"
"","Santiago Rodríguez","NYC","2024","M","$1,200,000","$1,331,333","2024-09-13"
"","Justen Glad","RSL","2024","D","$1,150,000","$1,330,000","2024-09-13"
"","Richie Laryea","TOR","2024","D","$990,000","$1,329,438","2024-09-13"
"","Diego Fagundez","LAG","2024","F","$1,250,000","$1,310,000","2024-09-13"
"","Josef Martínez","MTL","2024","F","$1,309,091","$1,309,091","2024-09-13"
"","Aaron Long","LAFC","2024","D","$1,259,760","$1,303,044","2024-09-13"
"","Dániel Sallói","SKC","2024","F","$1,300,000","$1,300,000","2024-09-13"
"","Ilie Sánchez","LAFC","2024","M","$1,267,875","$1,267,875","2024-09-13"
"","Marco Reus","LAG","2024","M","$960,000","$1,216,667","2024-09-13"
"","Chidozie Awaziem","CIN","2024","D","$1,080,000","$1,205,675","2024-09-13"
"","Joakim Nilsson","STL","2024","D","$1,135,000","$1,203,500","2024-09-13"
"","Felipe Carballo","NYRB","2024","M","$1,020,000","$1,169,777","2024-09-13"
"","Pedro de la Vega","SEA","2024","F","$785,000","$1,164,000","2024-09-13"
"","Andrés Cubas","VAN","2024","M","$1,050,000","$1,146,375","2024-09-13"
"","Duncan McGuire","ORL","2024","F","$825,000","$1,146,000","2024-09-13"
"","Jakob Glesnes","PHI","2024","D","$1,000,000","$1,138,125","2024-09-13"
"","Stian Gregersen","ATL","2024","D","$1,000,000","$1,120,000","2024-09-13"
"","Bruno Wilson","SJE","2024","D","$1,000,000","$1,118,333","2024-09-13"
"","Randall Leal","NSH","2024","F","$1,000,000","$1,115,000","2024-09-13"
"","Erik Thommy","SKC","2024","M","$1,000,000","$1,106,250","2024-09-13"
"","Cedric Teuchert","STL","2024","F","$950,000","$1,092,500","2024-09-13"
"","Julian Gressel","MIA","2024","M","$1,092,069","$1,092,069","2024-09-13"
"","Pedro Gallese","ORL","2024","GK","$800,000","$1,089,333","2024-09-13"
"","Joaquín Fernández","SKC","2024","D","$1,000,000","$1,072,083","2024-09-13"
"","Talles Magno","NYC","2024","F","$950,000","$1,065,000","2024-09-13"
"","James Sands","NYC","2024","M","$1,000,000","$1,058,333","2024-09-13"
"","Paxton Pomykal","FCD","2024","M","$950,000","$1,058,000","2024-09-13"
"","Tim Parker","NER","2024","D","$1,000,000","$1,037,500","2024-09-13"
"","Henry Kessler","STL","2024","D","$1,000,000","$1,033,333","2024-09-13"
"","Kai Wagner","PHI","2024","D","$875,000","$1,032,500","2024-09-13"
"","Keaton Parks","NYC","2024","M","$900,000","$1,030,000","2024-09-13"
"","Sean Davis","NSH","2024","M","$910,000","$1,024,000","2024-09-13"
"","Hernán López","SJE","2024","M","$850,000","$1,020,000","2024-09-13"
"","Tomás Chancalay","NER","2024","F","$950,000","$1,010,000","2024-09-13"
"","Jeremy Ebobisse","SJE","2024","F","$859,478","$1,005,361","2024-09-13"
"","Nicolás Freire","MIA","2024","D","$400,000","$1,000,000","2024-09-13"
"","Gyasi Zardes","ATX","2024","F","$1,000,000","$1,000,000","2024-09-13"
"","Johnny Russell","SKC","2024","F","$1,000,000","$1,000,000","2024-09-13"
"","Osman Bukari","ATX","2024","F","$1,000,000","$1,000,000","2024-09-13"
"","Matt Crooks","RSL","2024","M","$1,000,000","$1,000,000","2024-09-13"
"","Saba Lobjanidze","ATL","2024","F","$900,000","$998,750","2024-09-13"
"","Alessandro Schöpf","VAN","2024","M","$900,000","$992,500","2024-09-13"
"","Andre Blake","PHI","2024","GK","$800,000","$981,250","2024-09-13"
"","Martín Ojeda","ORL","2024","F","$900,000","$972,600","2024-09-13"
"","Cristian Dájome","DCU","2024","F","$900,000","$965,625","2024-09-13"
"","Robin Jansson","ORL","2024","D","$850,000","$946,667","2024-09-13"
"","Mathías Laborda","VAN","2024","D","$800,000","$943,625","2024-09-13"
"","Jackson Yueill","SJE","2024","M","$900,000","$936,875","2024-09-13"
"","Sergio Santos","CIN","2024","F","$800,000","$915,625","2024-09-13"
"","Sam Adekugbe","VAN","2024","D","$825,000","$913,000","2024-09-13"
"","Amahl Pellegrino","SJE","2024","F","$850,000","$912,500","2024-09-13"
"","Pablo Ruiz","RSL","2024","M","$825,000","$911,500","2024-09-13"
"","Álvaro Barreal","CIN","2024","M","$690,000","$909,297","2024-09-13"
"","Dario Zuparic","POR","2024","D","$735,000","$907,950","2024-09-13"
"","Rémi Walter","SKC","2024","M","$900,000","$900,000","2024-09-13"
"","Zack Steffen","COL","2024","GK","$900,000","$900,000","2024-09-13"
"","DeAndre Yedlin","CIN","2024","D","$850,000","$898,750","2024-09-13"
"","Brian Gutiérrez","CHI","2024","M","$803,409","$895,879","2024-09-13"
"","Alhassan Yusuf","NER","2024","M","$800,000","$895,311","2024-09-13"
"","Jack Elliott","PHI","2024","D","$800,000","$893,750","2024-09-13"
"","Maya Yoshida","LAG","2024","D","$800,000","$893,334","2024-09-13"
"","Matías Cóccaro","MTL","2024","F","$800,000","$888,000","2024-09-13"
"","Steven Moreira","CLB","2024","D","$800,000","$882,000","2024-09-13"
"","Shaq Moore","NSH","2024","D","$800,000","$881,500","2024-09-13"
"","Mark Delgado","LAG","2024","M","$800,000","$876,250","2024-09-13"
"","Luis Abram","ATL","2024","D","$732,275","$871,888","2024-09-13"
"","Sam Vines","COL","2024","D","$850,000","$862,500","2024-09-13"
"","Teenage Hadebe","CIN","2024","D","$704,952","$854,952","2024-09-13"
"","Ashley Westwood","CLT","2024","M","$750,000","$850,000","2024-09-13"
"","Cole Bassett","COL","2024","M","$850,000","$850,000","2024-09-13"
"","Aaron Herrera","DCU","2024","D","$750,000","$845,220","2024-09-13"
"","Reggie Cannon","COL","2024","D","$750,000","$841,500","2024-09-13"
"","Sebastian Lletget","FCD","2024","M","$750,000","$841,250","2024-09-13"
"","Jonathan Osorio","TOR","2024","M","$788,036","$836,369","2024-09-13"
"","Yeimar Gómez Andrade","SEA","2024","D","$750,000","$832,500","2024-09-13"
"","Bartosz Slisz","ATL","2024","M","$630,000","$830,000","2024-09-13"
"","Erik Sviatchenko","HOU","2024","D","$774,996","$824,996","2024-09-13"
"","Anderson Julio","RSL","2024","F","$750,000","$820,000","2024-09-13"
"","Miguel Tapias","MIN","2024","D","$725,000","$811,875","2024-09-13"
"","Sergii Kryvtsov","MIA","2024","D","$750,000","$809,000","2024-09-13"
"","Prince Owusu","TOR","2024","F","$700,000","$807,500","2024-09-13"
"","Tomas Ostrak","STL","2024","M","$700,000","$801,000","2024-09-13"
"","Mario González","LAFC","2024","F","$800,000","$800,000","2024-09-13"
"","Nicolás Lodeiro","ORL","2024","M","$800,000","$800,000","2024-09-13"
"","Jack Maher","NSH","2024","D","$700,000","$795,467","2024-09-13"
"","DeJuan Jones","CLB","2024","D","$786,996","$793,246","2024-09-13"
"","Yohei Takaoka","VAN","2024","GK","$672,000","$789,713","2024-09-13"
"","Artur","HOU","2024","M","$700,000","$783,375","2024-09-13"
"","Santiago Sosa","ATL","2024","M","$685,000","$778,100","2024-09-13"
"","Xavier Arreaga","NER","2024","D","$775,000","$775,000","2024-09-13"
"","Tyler Boyd","NSH","2024","F","$770,000","$775,000","2024-09-13"
"","Julio Cascante","ATX","2024","D","$700,000","$773,750","2024-09-13"
"","Kamal Miller","POR","2024","D","$742,500","$767,500","2024-09-13"
"","Tai Baribo","PHI","2024","F","$650,000","$760,000","2024-09-13"
"","Matti Peltola","DCU","2024","M","$681,818","$757,818","2024-09-13"
"","Sigurd Rosted","TOR","2024","D","$750,000","$755,000","2024-09-13"
"","Raoul Petretta","TOR","2024","D","$675,000","$754,750","2024-09-13"
"","Brian White","VAN","2024","F","$754,500","$754,500","2024-09-13"
"","Lassi Lappalainen","MTL","2024","F","$720,000","$750,000","2024-09-13"
"","Mark-Anthony Kaye","NER","2024","M","$750,000","$750,000","2024-09-13"
"","Khiry Shelton","SKC","2024","F","$700,000","$750,000","2024-09-13"
"","Tristan Blackmon","VAN","2024","D","$750,000","$750,000","2024-09-13"
"","Birk Risa","NYC","2024","D","$660,000","$749,750","2024-09-13"
"","Brooks Lennon","ATL","2024","D","$740,000","$740,000","2024-09-13"
"","Andrés Herrera","CLB","2024","D","$650,000","$737,158","2024-09-13"
"","Gabriel Pirani","DCU","2024","M","$665,000","$731,700","2024-09-13"
"","Michael Boxall","MIN","2024","D","$675,000","$728,097","2024-09-13"
"","Leonardo Campana","MIA","2024","F","$600,000","$722,333","2024-09-13"
"","Dave Romney","NER","2024","D","$675,000","$721,667","2024-09-13"
"","Yuya Kubo","CIN","2024","M","$650,000","$721,667","2024-09-13"
"","Aníbal Godoy","NSH","2024","M","$650,000","$721,250","2024-09-13"
"","John Tolkin","NYRB","2024","D","$640,000","$720,800","2024-09-13"
"","Andrés Reyes","NYRB","2024","D","$642,000","$717,000","2024-09-13"
"","Latif Blessing","HOU","2024","M","$650,000","$715,000","2024-09-13"
"","César Araújo","ORL","2024","M","$675,000","$714,000","2024-09-13"
"","Chris Mueller","CHI","2024","F","$650,004","$712,324","2024-09-13"
"","Corey Baird","CIN","2024","F","$644,319","$712,026","2024-09-13"
"","Derrick Etienne Jr.","TOR","2024","F","$710,062","$710,062","2024-09-13"
"","Rodrigues","SJE","2024","D","$650,000","$708,000","2024-09-13"
"","Miguel Araujo","POR","2024","D","$550,000","$705,313","2024-09-13"
"","Sean Johnson","TOR","2024","GK","$426,039","$703,301","2024-09-13"
"","Eugene Ansah","FCD","2024","F","$600,000","$702,833","2024-09-13"
"","Lalas Abubakar","COL","2024","D","$665,000","$702,125","2024-09-13"
"","Joaquín Pereyra","MIN","2024","M","$610,000","$699,800","2024-09-13"
"","Boris Enow","DCU","2024","M","$585,895","$699,795","2024-09-13"
"","Arnaud Souquet","CHI","2024","D","$620,012","$699,679","2024-09-13"
"","Rubio Rubín","RSL","2024","F","$626,400","$699,247","2024-09-13"
"","Eduard Atuesta","LAFC","2024","M","$689,700","$689,700","2024-09-13"
"","Jovan Mijatović","NYC","2024","F","$650,000","$687,500","2024-09-13"
"","Ranko Veselinović","VAN","2024","D","$620,000","$687,125","2024-09-13"
"","Steve Clark","HOU","2024","GK","$625,000","$684,281","2024-09-13"
"","Dejan Joveljic","LAG","2024","F","$683,750","$683,750","2024-09-13"
"","Andrew Farrell","NER","2024","D","$683,750","$683,750","2024-09-13"
"","Sebastien Ibeagha","FCD","2024","D","$620,000","$683,625","2024-09-13"
"","David Brekalo","ORL","2024","D","$600,000","$683,000","2024-09-13"
"","Jeong Sang-Bin","MIN","2024","F","$575,750","$682,458","2024-09-13"
"","Luca Langoni","NER","2024","F","$610,000","$682,283","2024-09-13"
"","Cristian Olivera","LAFC","2024","F","$680,000","$680,000","2024-09-13"
"","Cristhian Paredes","POR","2024","M","$580,000","$678,000","2024-09-13"
"","Dominik Marczuk","RSL","2024","F","$600,000","$675,500","2024-09-13"
"","Eryk Williamson","POR","2024","M","$675,000","$675,000","2024-09-13"
"","Facundo Farías","MIA","2024","M","$650,000","$675,000","2024-09-13"
"","Omar Campos","LAFC","2024","D","$675,000","$675,000","2024-09-13"
"","Mateusz Bogusz","LAFC","2024","M","$675,000","$675,000","2024-09-13"
"","Pedro Vite","VAN","2024","M","$621,000","$674,997","2024-09-13"
"","Fafa Picault","VAN","2024","F","$650,000","$670,000","2024-09-13"
"","Dylan Borrero","NER","2024","F","$600,000","$663,962","2024-09-13"
"","Yaw Yeboah","CLB","2024","F","$600,000","$663,750","2024-09-13"
"","Franco Ibarra","ATL","2024","M","$600,000","$660,000","2024-09-13"
"","Coco Carrasquilla","HOU","2024","M","$550,000","$658,750","2024-09-13"
"","Braian Ojeda","RSL","2024","M","$600,000","$658,653","2024-09-13"
"","Joe Willis","NSH","2024","GK","$600,000","$658,333","2024-09-13"
"","Mason Toye","POR","2024","F","$600,000","$658,000","2024-09-13"
"","Martín Cáceres","LAG","2024","D","$600,000","$656,667","2024-09-13"
"","Bongokuhle Hlongwane","MIN","2024","F","$605,000","$655,000","2024-09-13"
"","Leo Väisänen","ATX","2024","D","$600,000","$654,500","2024-09-13"
"","Russell Canouse","DCU","2024","M","$650,000","$650,000","2024-09-13"
"","Ryan Hollingshead","LAFC","2024","D","$645,000","$645,000","2024-09-13"
"","Andrés Perea","NYC","2024","M","$575,000","$641,500","2024-09-13"
"","Timothy Tillman","LAFC","2024","M","$600,000","$637,500","2024-09-13"
"","Tim Melia","SKC","2024","GK","$625,000","$637,500","2024-09-13"
"","Omir Fernández","COL","2024","F","$575,000","$636,875","2024-09-13"
"","Julián Fernández","NYC","2024","F","$564,000","$628,300","2024-09-13"
"","Carlos Terán","CHI","2024","D","$529,000","$619,000","2024-09-13"
"","Maxime Crépeau","POR","2024","GK","$555,000","$618,333","2024-09-13"
"","Miki Yamane","LAG","2024","D","$550,000","$616,667","2024-09-13"
"","Brad Guzan","ATL","2024","GK","$600,000","$612,500","2024-09-13"
"","Nathan Byrne","CLT","2024","D","$560,000","$607,833","2024-09-13"
"","Santiago Moreno","POR","2024","F","$550,000","$607,500","2024-09-13"
"","Amine Bassi","HOU","2024","M","$605,000","$605,000","2024-09-13"
"","Xande Silva","ATL","2024","F","$560,000","$604,250","2024-09-13"
"","Brandon Servania","TOR","2024","M","$550,000","$602,708","2024-09-13"
"","Danley Jean Jacques","PHI","2024","M","$550,000","$602,100","2024-09-13"
"","Tim Leibold","SKC","2024","D","$600,000","$601,050","2024-09-13"
"","Andrew Gutman","CHI","2024","D","$600,000","$600,000","2024-09-13"
"","Stefan Frei","SEA","2024","GK","$600,000","$600,000","2024-09-13"
"","Dru Yearwood","NSH","2024","M","$550,000","$597,250","2024-09-13"
"","Carlos Akapo","SJE","2024","D","$550,000","$595,111","2024-09-13"
"","Jamal Thiaré","ATL","2024","F","$500,000","$595,000","2024-09-13"
"","Matt Polster","NER","2024","M","$550,000","$591,667","2024-09-13"
"","Tim Ream","CLT","2024","D","$500,000","$577,750","2024-09-13"
"","Kristijan Kahlina","CLT","2024","GK","$550,000","$576,875","2024-09-13"
"","Marino Hinestroza","CLB","2024","F","$500,000","$574,750","2024-09-13"
"","Daniel Lovitz","NSH","2024","D","$556,244","$573,744","2024-09-13"
"","Jere Uronen","CLT","2024","D","$525,000","$572,813","2024-09-13"
"","Nouhou","SEA","2024","D","$550,000","$571,875","2024-09-13"
"","Cory Burke","NYRB","2024","F","$500,000","$571,871","2024-09-13"
"","Tristan Muyumba","ATL","2024","M","$525,000","$566,600","2024-09-13"
"","Matt Hedges","ATX","2024","D","$428,313","$560,922","2024-09-13"
"","Jesús Murillo","LAFC","2024","D","$500,000","$559,500","2024-09-13"
"","Sergi Palencia","LAFC","2024","D","$350,004","$557,504","2024-09-13"
"","Hassani Dotson","MIN","2024","M","$500,000","$557,500","2024-09-13"
"","Federico Navarro","CHI","2024","M","$500,000","$557,500","2024-09-13"
"","Elias Manoel","NYRB","2024","F","$480,000","$557,250","2024-09-13"
"","Kyle Duncan","NYRB","2024","D","$500,000","$555,750","2024-09-13"
"","Yevhen Cheberko","CLB","2024","D","$505,000","$553,250","2024-09-13"
"","Rudy Camacho","CLB","2024","D","$475,000","$551,000","2024-09-13"
"","Jáder Obrian","ATX","2024","F","$495,000","$550,401","2024-09-13"
"","Léo Chú","SEA","2024","F","$550,000","$550,000","2024-09-13"
"","Nathan","SEA","2024","D","$550,000","$550,000","2024-09-13"
"","Asier Illarramendi","FCD","2024","M","$500,000","$549,750","2024-09-13"
"","Carlos Coronel","NYRB","2024","GK","$500,000","$549,649","2024-09-13"
"","Agustín Ojeda","NYC","2024","F","$480,000","$547,833","2024-09-13"
"","Marco Farfan","FCD","2024","D","$512,000","$544,813","2024-09-13"
"","Jamie Paterson","CLT","2024","M","$500,000","$534,444","2024-09-13"
"","Iván Angulo","ORL","2024","F","$500,004","$532,664","2024-09-13"
"","Brayan Vera","RSL","2024","D","$475,000","$532,000","2024-09-13"
"","Sebastian Kowalczyk","HOU","2024","M","$461,000","$530,618","2024-09-13"
"","Griffin Dorsey","HOU","2024","D","$475,000","$529,667","2024-09-13"
"","Sean Nealis","NYRB","2024","D","$450,000","$526,250","2024-09-13"
"","Alex Muyl","NSH","2024","F","$525,000","$525,000","2024-09-13"
"","Chase Gasper","CHI","2024","D","$500,000","$525,000","2024-09-13"
"","Lawrence Ennali","HOU","2024","F","$450,000","$524,250","2024-09-13"
"","Franco Escobar","HOU","2024","D","$475,000","$524,167","2024-09-13"
"","Connor Ronan","COL","2024","M","$470,000","$522,400","2024-09-13"
"","William Agada","SKC","2024","F","$475,000","$521,875","2024-09-13"
"","Henry Wingo","TOR","2024","D","$450,000","$521,031","2024-09-13"
"","Wilder Cartagena","ORL","2024","M","$480,000","$520,250","2024-09-13"
"","Matías Rojas","MIA","2024","M","$150,000","$516,667","2024-09-13"
"","Jonathan Mensah","NER","2024","D","$450,000","$512,500","2024-09-13"
"","Dany Rosero","SKC","2024","D","$510,000","$510,000","2024-09-13"
"","Diego Chara","POR","2024","M","$500,000","$508,333","2024-09-13"
"","Tom Pearce","MTL","2024","D","$450,000","$507,625","2024-09-13"
"","David Schnegg","DCU","2024","D","$400,000","$506,250","2024-09-13"
"","Show","FCD","2024","M","$462,000","$504,350","2024-09-13"
"","Diego Gómez","MIA","2024","M","$500,000","$504,167","2024-09-13"
"","Bjørn Inge Utvik","VAN","2024","D","$450,000","$502,083","2024-09-13"
"","Ibrahim Aliyu","HOU","2024","F","$450,000","$501,379","2024-09-13"
"","Mikkel Desler","ATX","2024","D","$500,000","$500,000","2024-09-13"
"","David Martínez","LAFC","2024","F","$500,000","$500,000","2024-09-13"
"","Maxi Moralez","NYC","2024","M","$480,000","$500,000","2024-09-13"
"","Pavel Bucha","CIN","2024","M","$450,000","$498,782","2024-09-13"
"","Daniel Steres","HOU","2024","D","$450,000","$498,425","2024-09-13"
"","Christian Ramírez","CLB","2024","F","$450,000","$495,833","2024-09-13"
"","Jhojan Valencia","ATX","2024","M","$450,000","$495,125","2024-09-13"
"","Chris Durkin","STL","2024","M","$450,000","$495,000","2024-09-13"
"","Patrick Yazbek","NSH","2024","M","$375,000","$491,013","2024-09-13"
"","Antony","POR","2024","F","$425,000","$490,042","2024-09-13"
"","Pedro Santos","DCU","2024","F","$450,000","$490,000","2024-09-13"
"","Kevin Kelsy","CIN","2024","F","$480,000","$485,533","2024-09-13"
"","Kwadwo Opoku","MTL","2024","F","$344,828","$485,055","2024-09-13"
"","Bill Tuiloma","CLT","2024","D","$460,000","$484,938","2024-09-13"
"","Alexandru Matan","CLB","2024","M","$450,000","$483,250","2024-09-13"
"","Dylan Chambost","CLB","2024","M","$375,000","$482,219","2024-09-13"
"","Dayne St. Clair","MIN","2024","GK","$460,000","$481,875","2024-09-13"
"","Brad Stuver","ATX","2024","GK","$459,000","$481,813","2024-09-13"
"","Robert Voloder","SKC","2024","D","$450,000","$477,860","2024-09-13"
"","Noah Eile","NYRB","2024","D","$420,000","$473,200","2024-09-13"
"","Allan Arigoni","CHI","2024","D","$462,000","$472,000","2024-09-13"
"","Bobby Wood","NER","2024","F","$450,000","$471,250","2024-09-13"
"","Brad Smith","HOU","2024","D","$424,999","$471,249","2024-09-13"
"","Georgios Koutsias","CHI","2024","F","$470,800","$470,800","2024-09-13"
"","Aljaž Ivačič","NER","2024","GK","$385,000","$470,000","2024-09-13"
"","Alexandros Katranis","RSL","2024","D","$400,000","$469,875","2024-09-13"
"","Alex Roldan","SEA","2024","D","$465,000","$465,000","2024-09-13"
"","Tayvon Gray","NYC","2024","D","$350,000","$461,500","2024-09-13"
"","Monsef Bakrar","NYC","2024","F","$360,000","$456,720","2024-09-13"
"","Deybi Flores","TOR","2024","M","$400,000","$456,667","2024-09-13"
"","Tobias Salquist","CHI","2024","D","$400,000","$454,167","2024-09-13"
"","David Ayala","POR","2024","M","$400,000","$452,000","2024-09-13"
"","Andreu Fontàs","SKC","2024","D","$450,000","$450,000","2024-09-13"
"","Ronald Hernández","ATL","2024","D","$450,000","$450,000","2024-09-13"
"","Tyler Miller","DCU","2024","GK","$425,000","$450,000","2024-09-13"
"","Roman Celentano","CIN","2024","GK","$400,000","$449,000","2024-09-13"
"","Diego Luna","RSL","2024","M","$400,000","$448,833","2024-09-13"
"","Derrick Williams","ATL","2024","D","$400,000","$447,500","2024-09-13"
"","Wil Trapp","MIN","2024","M","$400,000","$445,000","2024-09-13"
"","George Campbell","MTL","2024","D","$400,000","$441,250","2024-09-13"
"","Ruan","FCD","2024","D","$440,000","$440,000","2024-09-13"
"","Damir Kreilach","VAN","2024","M","$440,000","$440,000","2024-09-13"
"","Kerwin Vargas","CLT","2024","F","$400,000","$437,125","2024-09-13"
"","Edwin Mosquera","ATL","2024","F","$400,000","$437,000","2024-09-13"
"","Jonathan Lewis","COL","2024","F","$410,000","$435,000","2024-09-13"
"","Tommy McNamara","NER","2024","F","$435,000","$435,000","2024-09-13"
"","Samuel Piette","MTL","2024","M","$397,375","$434,500","2024-09-13"
"","Malte Amundsen","CLB","2024","D","$360,000","$432,500","2024-09-13"
"","Idan Toklomati","CLT","2024","F","$390,000","$427,700","2024-09-13"
"","Daniel","SJE","2024","GK","$425,000","$425,000","2024-09-13"
"","Olivier Mbaizo","PHI","2024","D","$350,000","$423,589","2024-09-13"
"","Sean Zawadzki","CLB","2024","M","$375,000","$421,875","2024-09-13"
"","Fabian Herbers","CHI","2024","F","$400,000","$421,250","2024-09-13"
"","Nacho Gil","NER","2024","F","$400,000","$421,250","2024-09-13"
"","Shane O'Neill","TOR","2024","D","$375,000","$413,000","2024-09-13"
"","Edwin Cerrillo","LAG","2024","M","$400,000","$412,500","2024-09-13"
"","Tomás Avilés","MIA","2024","D","$384,996","$412,496","2024-09-13"
"","Sunusi Ibrahim","MTL","2024","F","$350,000","$410,000","2024-09-13"
"","Bryce Duke","MTL","2024","M","$325,000","$406,875","2024-09-13"
"","Nikola Petkovic","CLT","2024","M","$360,000","$406,250","2024-09-13"
"","Drake Callender","MIA","2024","GK","$349,992","$405,909","2024-09-13"
"","Logan Ndenbe","SKC","2024","D","$400,000","$405,000","2024-09-13"
"","Marcelo Silva","RSL","2024","D","$400,000","$400,000","2024-09-13"
"","Keegan Rosenberry","COL","2024","D","$400,000","$400,000","2024-09-13"
"","JT Marcinkowski","SJE","2024","GK","$400,000","$400,000","2024-09-13"
"","Rodrigo Schlegel","ORL","2024","D","$350,000","$399,250","2024-09-13"
"","Dennis Gjengaar","NYRB","2024","F","$340,000","$398,769","2024-09-13"
"","Ramiro Enrique","ORL","2024","F","$340,909","$398,636","2024-09-13"
"","Marco Angulo","CIN","2024","M","$350,000","$398,000","2024-09-13"
"","Maarten Paes","FCD","2024","GK","$325,000","$397,000","2024-09-13"
"","Jacob Shaffelburg","NSH","2024","F","$350,000","$395,000","2024-09-13"
"","Brandon Bye","NER","2024","D","$375,000","$393,813","2024-09-13"
"","Njabulo Blom","STL","2024","M","$300,000","$392,250","2024-09-13"
"","Diego Rubio","ATX","2024","F","$350,000","$390,000","2024-09-13"
"","Alejandro Bedoya","PHI","2024","M","$324,996","$389,996","2024-09-13"
"","Danny Musovski","SEA","2024","F","$359,091","$389,394","2024-09-13"
"","Ema Twumasi","FCD","2024","D","$370,000","$389,300","2024-09-13"
"","Brandt Bronico","CLT","2024","M","$350,000","$389,000","2024-09-13"
"","Vitor Costa","SJE","2024","D","$350,000","$388,333","2024-09-13"
"","William Yarbrough","SJE","2024","GK","$385,000","$385,000","2024-09-13"
"","Daniel Edelman","NYRB","2024","M","$385,000","$385,000","2024-09-13"
"","Dominic Iankov","MTL","2024","M","$350,000","$385,000","2024-09-13"
"","Marcelo Weigandt","MIA","2024","D","$150,000","$384,708","2024-09-13"
"","Joel Waterman","MTL","2024","D","$336,000","$384,333","2024-09-13"
"","Maren Haile-Selassie","CHI","2024","M","$344,000","$383,500","2024-09-13"
"","Caden Clark","MTL","2024","M","$350,000","$382,000","2024-09-13"
"","Claudio Bravo","POR","2024","D","$325,000","$381,654","2024-09-13"
"","Déiber Caicedo","VAN","2024","F","$350,000","$381,125","2024-09-13"
"","Emerson Rodríguez","MIA","2024","F","$345,000","$380,700","2024-09-13"
"","Mohamed Farsi","CLB","2024","M","$350,000","$380,000","2024-09-13"
"","Édier Ocampo","VAN","2024","D","$325,000","$378,299","2024-09-13"
"","Mauricio Pineda","CHI","2024","D","$345,000","$376,220","2024-09-13"
"","Nick Lima","NER","2024","D","$375,000","$375,000","2024-09-13"
"","Jon Gallagher","ATX","2024","D","$375,000","$375,000","2024-09-13"
"","Selmir Pidro","STL","2024","D","$325,000","$374,375","2024-09-13"
"","Nelson Palacio","RSL","2024","M","$330,000","$373,167","2024-09-13"
"","Tomás Ángel","LAFC","2024","F","$250,000","$368,750","2024-09-13"
"","Raheem Edwards","MTL","2024","D","$335,000","$367,500","2024-09-13"
"","Cavan Sullivan","PHI","2024","M","$200,000","$364,000","2024-09-13"
"","Derrick Jones","CLB","2024","M","$324,996","$362,496","2024-09-13"
"","Gastón González","ORL","2024","F","$360,000","$362,000","2024-09-13"
"","Theodore Ku-Dipietro","DCU","2024","M","$300,000","$356,000","2024-09-13"
"","Adilson Malanda","CLT","2024","D","$325,000","$353,083","2024-09-13"
"","Cameron Harper","NYRB","2024","F","$300,000","$351,250","2024-09-13"
"","Rafael Santos","ORL","2024","D","$324,996","$351,184","2024-09-13"
"","Hugo Lloris","LAFC","2024","GK","$350,000","$350,000","2024-09-13"
"","Jefferson Díaz","MIN","2024","D","$350,000","$350,000","2024-09-13"
"","Žan Kolmanič","ATX","2024","D","$350,000","$350,000","2024-09-13"
"","Josh Atencio","SEA","2024","M","$350,000","$350,000","2024-09-13"
"","Zac MacMath","RSL","2024","GK","$350,000","$350,000","2024-09-13"
"","Joaquín Torres","PHI","2024","F","$300,000","$349,800","2024-09-13"
"","Nkosi Tafari","FCD","2024","D","$347,750","$347,750","2024-09-13"
"","Geovane Jesus","FCD","2024","D","$300,000","$347,000","2024-09-13"
"","Dagur Dan Thórhallsson","ORL","2024","D","$300,000","$345,125","2024-09-13"
"","Enes Sali","FCD","2024","F","$300,000","$345,000","2024-09-13"
"","Nicolás Acevedo","NYC","2024","M","$300,000","$344,800","2024-09-13"
"","Franco Negri","MIA","2024","D","$250,000","$342,500","2024-09-13"
"","Miguel Navarro","COL","2024","D","$300,000","$339,000","2024-09-13"
"","Alfredo Morales","SJE","2024","M","$300,000","$335,500","2024-09-13"
"","Julián Aude","LAG","2024","D","$325,000","$335,000","2024-09-13"
"","Paul Marie","SJE","2024","D","$300,000","$332,500","2024-09-13"
"","Mitja Ilenic","NYC","2024","D","$240,000","$331,700","2024-09-13"
"","Sebastian Berhalter","VAN","2024","M","$330,000","$330,000","2024-09-13"
"","Rasmus Alm","STL","2024","F","$265,500","$329,925","2024-09-13"
"","Benji Kikanović","SJE","2024","F","$292,000","$328,700","2024-09-13"
"","Alonso Martínez","NYC","2024","F","$300,000","$328,483","2024-09-13"
"","Robert Taylor","MIA","2024","F","$300,000","$326,900","2024-09-13"
"","Carlos Vela","LAFC","2024","F","$325,000","$325,000","2024-09-13"
"","Jannes Horn","STL","2024","D","$318,000","$324,667","2024-09-13"
"","Franco Fragapane","MIN","2024","F","$310,000","$317,500","2024-09-13"
"","Cassius Mailula","TOR","2024","F","$300,000","$316,003","2024-09-13"
"","Tomas Totland","STL","2024","D","$273,000","$314,763","2024-09-13"
"","Leon Flach","PHI","2024","M","$300,000","$314,500","2024-09-13"
"","Jesús Bueno","PHI","2024","M","$280,000","$312,625","2024-09-13"
"","Jaylin Lindsey","CLT","2024","D","$275,000","$311,875","2024-09-13"
"","Strahinja Tanasijević","NYC","2024","D","$240,000","$308,750","2024-09-13"
"","Jonathan Pérez","LAG","2024","F","$275,000","$308,000","2024-09-13"
"","Ethan Finlay","ATX","2024","F","$262,500","$306,250","2024-09-13"
"","Kyle Smith","ORL","2024","D","$290,000","$305,900","2024-09-13"
"","Jake Girdwood-Reich","STL","2024","M","$266,200","$304,977","2024-09-13"
"","Josh Cohen","ATL","2024","GK","$265,000","$303,500","2024-09-13"
"","Indiana Vassilev","STL","2024","M","$270,000","$301,750","2024-09-13"
"","Andrew Brody","RSL","2024","D","$275,000","$300,678","2024-09-13"
"","Tanner Beason","SJE","2024","D","$300,000","$300,000","2024-09-13"
"","Oleksandr Svatok","ATX","2024","D","$300,000","$300,000","2024-09-13"
"","Djibril Diani","CLT","2024","M","$260,000","$297,944","2024-09-13"
"","Dante Sealy","FCD","2024","F","$275,000","$297,750","2024-09-13"
"","Brian Anunga","NSH","2024","M","$275,000","$295,000","2024-09-13"
"","Alvas Powell","CIN","2024","D","$250,000","$294,500","2024-09-13"
"","Ryan Meara","NYRB","2024","GK","$294,000","$294,000","2024-09-13"
"","Júnior Urso","CLT","2024","M","$250,000","$292,500","2024-09-13"
"","John Nelson","LAG","2024","D","$275,000","$291,667","2024-09-13"
"","Juan Mosquera","POR","2024","D","$225,000","$291,650","2024-09-13"
"","John McCarthy","LAG","2024","GK","$275,000","$290,000","2024-09-13"
"","David Martínez","MIA","2024","D","$150,000","$289,839","2024-09-13"
"","Marvin Loría","POR","2024","F","$250,000","$289,375","2024-09-13"
"","Ian Harkes","NER","2024","M","$275,000","$286,583","2024-09-13"
"","Teal Bunbury","NSH","2024","F","$250,000","$285,000","2024-09-13"
"","Tom Barlow","CHI","2024","F","$250,000","$280,000","2024-09-13"
"","Andrew Tarbell","HOU","2024","GK","$250,000","$280,000","2024-09-13"
"","Jake Nerwinski","STL","2024","D","$250,000","$277,500","2024-09-13"
"","Kevin Long","TOR","2024","D","$250,000","$277,500","2024-09-13"
"","Christopher McVey","DCU","2024","D","$252,000","$276,300","2024-09-13"
"","Lachlan Brook","RSL","2024","F","$252,000","$274,883","2024-09-13"
"","Jared Stroud","DCU","2024","F","$230,000","$272,500","2024-09-13"
"","Dylan Nealis","NYRB","2024","D","$247,500","$272,500","2024-09-13"
"","Alec Kann","CIN","2024","GK","$250,000","$270,833","2024-09-13"
"","Matt Freese","NYC","2024","GK","$250,000","$270,000","2024-09-13"
"","Dawid Bugaj","MTL","2024","D","$240,000","$267,600","2024-09-13"
"","Olwethu Makhanya","PHI","2024","D","$225,000","$263,875","2024-09-13"
"","Nathan Harriel","PHI","2024","D","$240,000","$262,050","2024-09-13"
"","Danny Leyva","SEA","2024","M","$235,000","$259,900","2024-09-13"
"","Fernando Álvarez","MTL","2024","D","$225,000","$257,000","2024-09-13"
"","Dax McCarty","ATL","2024","M","$225,000","$256,250","2024-09-13"
"","Jasper Löeffelsend","COL","2024","M","$230,000","$255,833","2024-09-13"
"","Federico Redondo","MIA","2024","M","$150,000","$255,000","2024-09-13"
"","Nelson Quiñones","HOU","2024","F","$231,996","$252,890","2024-09-13"
"","Joaquín Sosa","MTL","2024","D","$251,500","$251,500","2024-09-13"
"","Ariel Lassiter","CHI","2024","F","$230,000","$250,280","2024-09-13"
"","Eddie Segura","LAFC","2024","D","$250,000","$250,000","2024-09-13"
"","Ethan Bartlow","HOU","2024","D","$250,000","$250,000","2024-09-13"
"","Róbert Thorkelsson","MTL","2024","D","$225,000","$248,500","2024-09-13"
"","Chris Brady","CHI","2024","GK","$225,000","$248,250","2024-09-13"
"","Erik Holt","RSL","2024","D","$225,000","$243,750","2024-09-13"
"","Pedro Amador","ATL","2024","D","$207,000","$242,612","2024-09-13"
"","Emiro Garcés","LAG","2024","D","$200,000","$238,000","2024-09-13"
"","Liam Fraser","FCD","2024","M","$200,000","$227,750","2024-09-13"
"","Michael Halliday","ORL","2024","D","$200,000","$227,500","2024-09-13"
"","Jack McGlynn","PHI","2024","M","$200,000","$226,533","2024-09-13"
"","Stefan Cleveland","ATX","2024","GK","$200,000","$224,167","2024-09-13"
"","John Pulskamp","SKC","2024","GK","$200,000","$223,500","2024-09-13"
"","Alex Bono","DCU","2024","GK","$200,000","$220,000","2024-09-13"
"","Maxime Chanot","LAFC","2024","D","$220,000","$220,000","2024-09-13"
"","Thiago Andrade","NYC","2024","F","$200,000","$219,600","2024-09-13"
"","Maikel Chang","RSL","2024","F","$195,000","$218,750","2024-09-13"
"","Javain Brown","RSL","2024","D","$205,000","$218,688","2024-09-13"
"","Heine Gikling Bruseth","ORL","2024","M","$175,000","$217,471","2024-09-13"
"","Wyatt Omsberg","CHI","2024","D","$200,000","$217,000","2024-09-13"
"","Matty Longstaff","TOR","2024","M","$197,000","$216,378","2024-09-13"
"","Gabriele Corbo","MTL","2024","D","$216,350","$216,350","2024-09-13"
"","Sam Junqua","FCD","2024","D","$200,000","$212,368","2024-09-13"
"","Benji Michel","RSL","2024","F","$185,000","$209,667","2024-09-13"
"","Clint Irwin","MIN","2024","GK","$190,000","$203,533","2024-09-13"
"","Casey Walls","SJE","2024","D","$200,000","$203,000","2024-09-13"
"","Nökkvi Thórisson","STL","2024","F","$180,000","$202,438","2024-09-13"
"","Benjamin Cremaschi","MIA","2024","M","$99,716","$202,216","2024-09-13"
"","Finn Surman","POR","2024","D","$175,200","$202,183","2024-09-13"
"","Jefferson Valverde","HOU","2024","M","$159,996","$201,657","2024-09-13"
"","Guilherme Biro","ATX","2024","D","$200,000","$200,000","2024-09-13"
"","Brendan Hines-Ike","ATX","2024","D","$199,992","$199,992","2024-09-13"
"","Célio Pompeu","STL","2024","F","$164,095","$198,989","2024-09-13"
"","Kevon Lambert","RSL","2024","M","$180,000","$198,150","2024-09-13"
"","Zac McGraw","POR","2024","D","$150,000","$196,750","2024-09-13"
"","Kevin O'Toole","NYC","2024","D","$175,000","$195,833","2024-09-13"
"","DJ Taylor","MIN","2024","D","$160,000","$190,117","2024-09-13"
"","Kyle Hiebert","STL","2024","D","$159,996","$188,996","2024-09-13"
"","Érik Dueñas","LAFC","2024","M","$185,500","$187,500","2024-09-13"
"","Emmanuel Boateng","NER","2024","M","$155,000","$186,500","2024-09-13"
"","Matúš Kmeť","MIN","2024","D","$165,000","$182,469","2024-09-13"
"","Julian Hall","NYRB","2024","F","$100,000","$182,241","2024-09-13"
"","Jahkeele Marshall-Rutty","MTL","2024","D","$175,000","$181,813","2024-09-13"
"","Miguel Berry","LAG","2024","F","$175,008","$181,675","2024-09-13"
"","Jalen Neal","LAG","2024","D","$165,000","$178,625","2024-09-13"
"","Mohammed Sofo","NYRB","2024","F","$120,000","$178,000","2024-09-13"
"","Patrickson Delgado","FCD","2024","M","$150,000","$176,280","2024-09-13"
"","Brandan Craig","PHI","2024","D","$160,000","$172,825","2024-09-13"
"","Luis Barraza","NYC","2024","GK","$165,000","$172,688","2024-09-13"
"","Matt Real","PHI","2024","D","$155,000","$171,500","2024-09-13"
"","Ján Greguš","HOU","2024","M","$150,000","$170,313","2024-09-13"
"","Emmanuel Ochoa","SJE","2024","GK","$160,000","$170,071","2024-09-13"
"","Wikelman Carmona","NYRB","2024","M","$165,000","$170,000","2024-09-13"
"","Moses Nyeman","MIN","2024","M","$150,000","$168,822","2024-09-13"
"","Juan José Mina","NYRB","2024","D","$150,000","$165,432","2024-09-13"
"","Spencer Richey","CHI","2024","GK","$165,000","$165,000","2024-09-13"
"","Justin Haak","NYC","2024","M","$150,000","$165,000","2024-09-13"
"","Simon Becher","STL","2024","F","$138,000","$159,273","2024-09-13"
"","Mason Stajduhar","ORL","2024","GK","$142,000","$157,650","2024-09-13"
"","Matt Bersano","ATX","2024","GK","$150,000","$157,500","2024-09-13"
"","Ronald Donkor","NYRB","2024","M","$130,000","$155,400","2024-09-13"
"","Earl Edwards Jr.","NER","2024","GK","$155,000","$155,000","2024-09-13"
"","Ryan Raposo","VAN","2024","M","$150,000","$155,000","2024-09-13"
"","Tyler Wolff","ATL","2024","F","$150,000","$154,500","2024-09-13"
"","Quinn Sullivan","PHI","2024","F","$150,000","$153,500","2024-09-13"
"","Jonathan Sirois","MTL","2024","GK","$135,000","$152,156","2024-09-13"
"","Jack Skahan","SJE","2024","M","$150,000","$150,000","2024-09-13"
"","Andrew Thomas","SEA","2024","GK","$150,000","$150,000","2024-09-13"
"","Novak Micovic","LAG","2024","GK","$150,000","$150,000","2024-09-13"
"","Tate Schmitt","HOU","2024","D","$150,000","$150,000","2024-09-13"
"","Felipe","ORL","2024","M","$150,000","$150,000","2024-09-13"
"","Sebastian Anderson","COL","2024","D","$150,000","$150,000","2024-09-13"
"","Micael","HOU","2024","D","$135,000","$149,250","2024-09-13"
"","Luke Singh","TOR","2024","D","$140,000","$147,966","2024-09-13"
"","James Pantemis","POR","2024","GK","$125,000","$145,833","2024-09-13"
"","Antonio Carrera","FCD","2024","GK","$125,000","$144,519","2024-09-13"
"","Mauricio Cuevas","LAG","2024","D","$125,000","$143,500","2024-09-13"
"","Nathan Saliba","MTL","2024","M","$130,000","$142,434","2024-09-13"
"","Mikael Marques","MIN","2024","D","$125,000","$141,250","2024-09-13"
"","Ethan Bristow","MIN","2024","D","$89,716","$140,902","2024-09-13"
"","Zack Farnsworth","RSL","2024","D","$125,000","$139,750","2024-09-13"
"","Kristian Fletcher","DCU","2024","F","$120,000","$139,509","2024-09-13"
"","Joseph Rosales","MIN","2024","M","$93,988","$138,690","2024-09-13"
"","Dani Pereira","ATX","2024","M","$125,000","$138,414","2024-09-13"
"","Ben Lundt","STL","2024","GK","$125,000","$137,833","2024-09-13"
"","Ian Murphy","CIN","2024","D","$89,716","$137,216","2024-09-13"
"","Patrick Schulte","CLB","2024","GK","$125,000","$134,978","2024-09-13"
"","Aimé Mabika","TOR","2024","D","$125,000","$133,125","2024-09-13"
"","Will Sands","NER","2024","D","$125,000","$131,250","2024-09-13"
"","Nathan Ordaz","LAFC","2024","F","$128,500","$131,000","2024-09-13"
"","Michael Edwards","COL","2024","D","$130,000","$130,000","2024-09-13"
"","Jude Wellings","RSL","2024","M","$110,000","$130,000","2024-09-13"
"","Bode Hidalgo","RSL","2024","D","$125,000","$129,294","2024-09-13"
"","Cruz Medina","SJE","2024","M","$110,000","$128,394","2024-09-13"
"","Ousseni Bouda","SJE","2024","F","$125,000","$127,500","2024-09-13"
"","AJ Marcucci","NYRB","2024","GK","$110,000","$127,425","2024-09-13"
"","Calvin Harris","COL","2024","F","$125,000","$127,000","2024-09-13"
"","Thomas Williams","ORL","2024","D","$120,000","$126,530","2024-09-13"
"","Daniel Ríos","ATL","2024","F","$89,716","$126,383","2024-09-13"
"","Axel Kei","RSL","2024","F","$110,000","$126,000","2024-09-13"
"","Gavin Beavers","RSL","2024","GK","$120,000","$125,583","2024-09-13"
"","Ian Fray","MIA","2024","D","$125,000","$125,000","2024-09-13"
"","Ben Bender","CLT","2024","M","$115,000","$125,000","2024-09-13"
"","Ralph Priso","VAN","2024","M","$125,000","$125,000","2024-09-13"
"","Alejandro Bran","MIN","2024","M","$125,000","$125,000","2024-09-13"
"","Dominique Badji","DCU","2024","F","$89,716","$124,716","2024-09-13"
"","Owen Wolff","ATX","2024","M","$110,000","$123,600","2024-09-13"
"","Maximo Carrizo","NYC","2024","M","$89,716","$123,239","2024-09-13"
"","Jonathan Dean","CHI","2024","D","$115,000","$123,167","2024-09-13"
"","McKinze Gaines","HOU","2024","F","$120,000","$122,750","2024-09-13"
"","Esmir Bajraktarevic","NER","2024","F","$115,000","$120,923","2024-09-13"
"","Jake Davis","SKC","2024","D","$120,000","$120,000","2024-09-13"
"","Reed Baker-Whiting","SEA","2024","M","$100,000","$120,000","2024-09-13"
"","Brooklyn Raines","HOU","2024","M","$100,000","$118,063","2024-09-13"
"","Joe Bendik","VAN","2024","GK","$108,000","$116,673","2024-09-13"
"","Victor Bezerra","CHI","2024","F","$104,004","$116,465","2024-09-13"
"","Robert Castellanos","SKC","2024","D","$115,000","$115,000","2024-09-13"
"","Júnior Moreno","HOU","2024","M","$89,716","$114,716","2024-09-13"
"","Omar González","FCD","2024","D","$89,716","$114,716","2024-09-13"
"","Niko Tsakiris","SJE","2024","M","$110,000","$114,167","2024-09-13"
"","Elliot Panicco","NSH","2024","GK","$114,000","$114,000","2024-09-13"
"","Jimmy Maurer","FCD","2024","GK","$89,716","$113,716","2024-09-13"
"","Christian McFarlane","NYC","2024","D","$89,716","$112,972","2024-09-13"
"","Brady Scott","LAG","2024","GK","$89,716","$111,383","2024-09-13"
"","Brian Carmona Romero","CLT","2024","F","$100,000","$110,833","2024-09-13"
"","Belal Halbouni","VAN","2024","D","$110,000","$110,000","2024-09-13"
"","Ben Martino","NSH","2024","GK","$89,716","$109,966","2024-09-13"
"","Chris Donovan","PHI","2024","F","$89,716","$109,872","2024-09-13"
"","Peter Stroud","NYRB","2024","M","$89,716","$109,719","2024-09-13"
"","Quentin Westberg","ATL","2024","GK","$89,716","$109,716","2024-09-13"
"","Serge Ngoma","NYRB","2024","F","$89,716","$109,668","2024-09-13"
"","Ali Ahmed","VAN","2024","M","$100,000","$109,375","2024-09-13"
"","Josh Yaro","STL","2024","D","$89,716","$109,216","2024-09-13"
"","Nolan Norris","FCD","2024","D","$89,716","$108,358","2024-09-13"
"","Jackson Ragen","SEA","2024","D","$98,261","$108,261","2024-09-13"
"","J.C. Ngando","VAN","2024","M","$89,716","$107,715","2024-09-13"
"","Jeremy Rafanello","PHI","2024","M","$100,000","$107,636","2024-09-13"
"","Oliver Semmle","PHI","2024","GK","$89,716","$106,040","2024-09-13"
"","Tarik Scott","FCD","2024","F","$89,716","$105,658","2024-09-13"
"","Oliver Larraz","COL","2024","M","$100,000","$105,375","2024-09-13"
"","Deandre Kerr","TOR","2024","F","$100,000","$105,319","2024-09-13"
"","Michael Baldisimo","SJE","2024","M","$105,000","$105,000","2024-09-13"
"","Nimfasha Berchimas","CLT","2024","F","$89,716","$104,650","2024-09-13"
"","Luca Petrasso","ORL","2024","D","$95,000","$104,024","2024-09-13"
"","Tega Ikoba","POR","2024","F","$104,000","$104,000","2024-09-13"
"","Nick Hagglund","CIN","2024","D","$89,716","$103,237","2024-09-13"
"","Oscar Verhoeven","SJE","2024","D","$89,716","$103,111","2024-09-13"
"","Patrick Weah","MIN","2024","F","$89,716","$103,008","2024-09-13"
"","Santiago Suárez","NER","2024","D","$89,716","$102,938","2024-09-13"
"","Aziel Jackson","CLB","2024","M","$98,261","$102,243","2024-09-13"
"","Lukas MacNaughton","NSH","2024","D","$100,000","$102,100","2024-09-13"
"","Markus Anderson","PHI","2024","F","$100,000","$102,000","2024-09-13"
"","Iuri Tavares","CLT","2024","F","$89,716","$101,769","2024-09-13"
"","João Pedro","CLT","2024","D","$89,716","$101,311","2024-09-13"
"","Hugo Mbongue","TOR","2024","F","$89,716","$101,143","2024-09-13"
"","Isaiah Parker","FCD","2024","D","$100,000","$101,000","2024-09-13"
"","Luis Rivera","RSL","2024","D","$89,716","$100,816","2024-09-13"
"","Memo Rodríguez","SKC","2024","M","$89,716","$100,682","2024-09-13"
"","Darren Yapi","COL","2024","F","$89,716","$100,549","2024-09-13"
"","Kobe Franklin","TOR","2024","D","$89,716","$100,518","2024-09-13"
"","Rida Zouhir","MTL","2024","M","$89,716","$100,452","2024-09-13"
"","Jon Bell","SEA","2024","D","$100,444","$100,444","2024-09-13"
"","Nicholas Hagen","CLB","2024","GK","$89,716","$100,340","2024-09-13"
"","Kosi Thompson","TOR","2024","M","$95,000","$100,260","2024-09-13"
"","Adem Sipic","NSH","2024","F","$71,401","$100,227","2024-09-13"
"","Zorhan Bassong","SKC","2024","D","$89,716","$99,953","2024-09-13"
"","Thomas Hasal","LAFC","2024","GK","$89,716","$99,849","2024-09-13"
"","Xavier Valdez","HOU","2024","GK","$89,716","$99,427","2024-09-13"
"","Matai Akinmboni","DCU","2024","D","$89,716","$99,216","2024-09-13"
"","Obed Vargas","SEA","2024","M","$89,716","$98,748","2024-09-13"
"","Bret Halsey","CIN","2024","D","$89,716","$98,466","2024-09-13"
"","Curtis Ofori","NYRB","2024","D","$89,716","$98,466","2024-09-13"
"","David Ochoa","LAFC","2024","GK","$89,716","$98,049","2024-09-13"
"","Jamir Berdecio","PHI","2024","D","$89,716","$97,910","2024-09-13"
"","Daniel Chacón","COL","2024","D","$90,000","$97,750","2024-09-13"
"","Brandon Cambridge","CLT","2024","F","$89,716","$97,742","2024-09-13"
"","Efrain Morales","ATL","2024","D","$89,716","$97,735","2024-09-13"
"","Ilijah Paul","RSL","2024","F","$89,716","$97,229","2024-09-13"
"","Hamady Diop","CLT","2024","D","$89,716","$97,216","2024-09-13"
"","Jacen Russell-Rowe","CLB","2024","F","$89,716","$97,105","2024-09-13"
"","Bertin Jacquesson","RSL","2024","F","$89,716","$97,042","2024-09-13"
"","Devin Padelford","MIN","2024","D","$89,716","$96,716","2024-09-13"
"","Jules-Anthony Vilsaint","MTL","2024","F","$89,716","$96,591","2024-09-13"
"","Ilias Iliadis","MTL","2024","M","$89,716","$96,591","2024-09-13"
"","Erik Centeno","ATL","2024","D","$89,716","$96,492","2024-09-13"
"","Joshua Bolma","NER","2024","M","$89,716","$96,383","2024-09-13"
"","Shakur Mohammed","ORL","2024","F","$89,716","$95,716","2024-09-13"
"","Cody Baker","SEA","2024","D","$89,716","$95,420","2024-09-13"
"","CJ dos Santos","MIA","2024","GK","$89,716","$95,016","2024-09-13"
"","Caden Glover","STL","2024","F","$89,716","$94,716","2024-09-13"
"","Evan Louro","CIN","2024","GK","$89,716","$94,716","2024-09-13"
"","Javier Casas","CHI","2024","M","$89,716","$94,383","2024-09-13"
"","Exon Arzú","HOU","2024","F","$89,716","$94,314","2024-09-13"
"","Josh Bauer","NSH","2024","D","$94,202","$94,202","2024-09-13"
"","Greg Ranjitsingh","TOR","2024","GK","$94,202","$94,202","2024-09-13"
"","Isaiah Foster","CIN","2024","D","$89,716","$94,095","2024-09-13"
"","Alonso Coello","TOR","2024","M","$89,716","$94,049","2024-09-13"
"","Sam Adeniran","PHI","2024","F","$93,988","$93,988","2024-09-13"
"","Zarek Valentin","MIN","2024","D","$93,988","$93,988","2024-09-13"
"","Jeremy Garay","DCU","2024","M","$89,716","$93,766","2024-09-13"
"","CJ Fodrey","ATX","2024","F","$89,716","$93,716","2024-09-13"
"","Alexander Freeman","ORL","2024","D","$89,716","$93,716","2024-09-13"
"","Hunter Sulte","POR","2024","GK","$89,716","$93,519","2024-09-13"
"","Quimi Ordoñez","CIN","2024","F","$89,716","$93,253","2024-09-13"
"","Ozzie Cisneros","SKC","2024","M","$89,716","$92,716","2024-09-13"
"","Logan Ketterer","MTL","2024","GK","$92,610","$92,610","2024-09-13"
"","Damian Rivera","NER","2024","F","$92,610","$92,610","2024-09-13"
"","Jackson Travis","COL","2024","D","$89,716","$92,216","2024-09-13"
"","Roald Mitchell","NYRB","2024","F","$71,401","$91,809","2024-09-13"
"","Jack Panayotou","NER","2024","M","$89,716","$91,716","2024-09-13"
"","Max Arfsten","CLB","2024","F","$89,716","$91,561","2024-09-13"
"","Cole Mrowka","CLB","2024","M","$71,401","$91,409","2024-09-13"
"","Noah Allen","MIA","2024","D","$89,716","$91,383","2024-09-13"
"","Conner Antley","DCU","2024","D","$89,716","$91,383","2024-09-13"
"","Samuel Shashoua","MIN","2024","F","$89,716","$90,549","2024-09-13"
"","Jackson Hopkins","DCU","2024","F","$89,716","$90,002","2024-09-13"
"","Ryan Spaulding","NER","2024","D","$89,716","$89,716","2024-09-13"
"","Philip Quinton","RSL","2024","D","$89,716","$89,716","2024-09-13"
"","Luis Zamudio","DCU","2024","GK","$89,716","$89,716","2024-09-13"
"","Eriq Zavaleta","LAG","2024","D","$89,716","$89,716","2024-09-13"
"","Kei Kamara","LAFC","2024","F","$89,716","$89,716","2024-09-13"
"","Georgi Minoungou","SEA","2024","M","$89,716","$89,716","2024-09-13"
"","Felipe Valencia","MIA","2024","F","$89,716","$89,716","2024-09-13"
"","Jacob Jackson","SJE","2024","GK","$89,716","$89,716","2024-09-13"
"","Keegan Hughes","CLB","2024","D","$89,716","$89,716","2024-09-13"
"","Paul Rothrock","SEA","2024","F","$89,716","$89,716","2024-09-13"
"","Taylor Washington","NSH","2024","D","$89,716","$89,716","2024-09-13"
"","Tommy Thompson","SJE","2024","D","$89,716","$89,716","2024-09-13"
"","Héctor Jiménez","ATX","2024","D","$89,716","$89,716","2024-09-13"
"","Preston Judd","SJE","2024","F","$89,716","$89,716","2024-09-13"
"","Ethan Bandré","COL","2024","GK","$89,716","$89,716","2024-09-13"
"","Levonte Johnson","VAN","2024","F","$89,716","$89,716","2024-09-13"
"","Derek Dodson","MIN","2024","D","$89,716","$89,716","2024-09-13"
"","George Marks","CLT","2024","GK","$89,716","$89,716","2024-09-13"
"","Abraham Romero","CLB","2024","GK","$89,716","$89,716","2024-09-13"
"","Sergio Oregel","CHI","2024","M","$89,716","$89,716","2024-09-13"
"","Hayden Sargis","DCU","2024","D","$89,716","$89,716","2024-09-13"
"","Brent Kallman","NSH","2024","D","$89,716","$89,716","2024-09-13"
"","Will Richmond","SJE","2024","F","$89,716","$89,716","2024-09-13"
"","Bernard Kamungo","FCD","2024","F","$89,716","$89,716","2024-09-13"
"","John Klein","STL","2024","M","$89,716","$89,716","2024-09-13"
"","Noah Cobb","ATL","2024","D","$89,716","$89,716","2024-09-13"
"","Noel Caliskan","RSL","2024","M","$89,716","$89,716","2024-09-13"
"","Jacob Castro","SEA","2024","GK","$89,716","$89,716","2024-09-13"
"","Kipp Keller","CIN","2024","D","$89,716","$89,716","2024-09-13"
"","Lucas Bartlett","DCU","2024","D","$89,716","$89,716","2024-09-13"
"","Yamil Asad","CIN","2024","F","$89,716","$89,716","2024-09-13"
"","Alec Smir","MIN","2024","GK","$89,716","$89,716","2024-09-13"
"","Jaziel Orozco","RSL","2024","M","$89,716","$89,716","2024-09-13"
"","Stiven Jimenez","CIN","2024","M","$89,716","$89,716","2024-09-13"
"","Tsiki Ntsabeleng","FCD","2024","M","$89,716","$89,716","2024-09-13"
"","Óscar Ustari","MIA","2024","GK","$89,716","$89,716","2024-09-13"
"","Missael Rodríguez","CHI","2024","F","$89,716","$89,716","2024-09-13"
"","Damian Las","ATX","2024","GK","$89,716","$89,716","2024-09-13"
"","Dylan Teves","SEA","2024","M","$89,716","$89,716","2024-09-13"
"","Rio Hope-Gund","NYC","2024","D","$89,716","$89,716","2024-09-13"
"","Evan Bush","CLB","2024","GK","$89,716","$89,716","2024-09-13"
"","Tomas Gomez","RSL","2024","GK","$89,716","$89,716","2024-09-13"
"","Jack Lynn","ORL","2024","F","$89,716","$89,716","2024-09-13"
"","Isaac Boehmer","VAN","2024","GK","$89,716","$89,716","2024-09-13"
"","Braudílio Rodrigues","SEA","2024","F","$89,716","$89,716","2024-09-13"
"","Trey Muse","POR","2024","GK","$89,716","$89,716","2024-09-13"
"","Noel Buck","NER","2024","M","$89,716","$89,716","2024-09-13"
"","Tani Oluwaseyi","MIN","2024","F","$89,716","$89,716","2024-09-13"
"","Tomás Gómez","RSL","2024","GK","$89,716","$89,716","2024-09-13"
"","Luca Orellano","CIN","2024","F","$89,716","$89,716","2024-09-13"
"","Sebastian Breza","MTL","2024","GK","$89,716","$89,716","2024-09-13"
"","Rémi Cabral","COL","2024","F","$89,716","$89,716","2024-09-13"
"","Ryan Sailor","MIA","2024","D","$89,716","$89,716","2024-09-13"
"","Amar Sejdić","NSH","2024","M","$89,716","$89,716","2024-09-13"
"","Anthony Markanich","MIN","2024","D","$89,716","$89,716","2024-09-13"
"","Holden Trent","PHI","2024","GK","$89,716","$89,716","2024-09-13"
"","Jeffrey Gal","CHI","2024","GK","$89,716","$89,716","2024-09-13"
"","Emeka Eneli","RSL","2024","M","$89,716","$89,716","2024-09-13"
"","David Bingham","CLT","2024","GK","$89,716","$89,716","2024-09-13"
"","Eric Miller","POR","2024","D","$89,716","$89,716","2024-09-13"
"","Gerardo Valenzuela","CIN","2024","M","$71,401","$88,943","2024-09-13"
"","Jordan Adebayo-Smith","MIN","2024","F","$71,401","$88,621","2024-09-13"
"","Aidan Stokes","NYRB","2024","GK","$71,401","$88,169","2024-09-13"
"","David Vazquez","PHI","2024","F","$71,401","$87,281","2024-09-13"
"","Davi Alexandre","NYRB","2024","D","$71,401","$86,111","2024-09-13"
"","Tahir Reid-Brown","ORL","2024","D","$71,401","$85,909","2024-09-13"
"","Nelson Pierre","PHI","2024","F","$71,401","$85,517","2024-09-13"
"","Stephen Annor Gyamfi","HOU","2024","F","$71,401","$85,151","2024-09-13"
"","Christopher Olney Jr.","PHI","2024","M","$71,401","$85,066","2024-09-13"
"","Chituru Odunze","CLT","2024","GK","$71,401","$84,909","2024-09-13"
"","Adam Pearlman","TOR","2024","D","$71,401","$84,701","2024-09-13"
"","Zavier Gozo","RSL","2024","F","$71,401","$84,124","2024-09-13"
"","Jonathan Shore","NYC","2024","M","$71,401","$83,901","2024-09-13"
"","Edwyn Mendoza","SJE","2024","M","$71,401","$83,841","2024-09-13"
"","Bajung Darboe","LAFC","2024","F","$71,401","$83,781","2024-09-13"
"","Stuart Hawkins","SEA","2024","D","$71,401","$83,422","2024-09-13"
"","Taha Habroune","CLB","2024","M","$71,401","$83,401","2024-09-13"
"","Lazar Stefanovic","TOR","2024","D","$71,401","$83,307","2024-09-13"
"","Micah Burton","ATX","2024","M","$71,401","$82,401","2024-09-13"
"","Andrew Rick","PHI","2024","GK","$71,401","$81,316","2024-09-13"
"","Carlos Harvey","MIN","2024","M","$71,401","$81,028","2024-09-13"
"","Isaiah LeFlore","PHI","2024","D","$71,401","$80,764","2024-09-13"
"","Santiago Morales","MIA","2024","M","$71,401","$79,734","2024-09-13"
"","Paul Walters","CIN","2024","GK","$71,401","$79,368","2024-09-13"
"","Max Anchor","VAN","2024","GK","$71,401","$78,843","2024-09-13"
"","Tommy Silva","RSL","2024","D","$71,401","$77,383","2024-09-13"
"","Matteo Schiavoni","MTL","2024","M","$71,401","$77,383","2024-09-13"
"","Andrew Baiera","NYC","2024","D","$71,401","$77,337","2024-09-13"
"","Malcolm Fry","NER","2024","F","$71,401","$76,961","2024-09-13"
"","Delentz Pierre","RSL","2024","D","$71,401","$76,836","2024-09-13"
"","Nicholas Pariano","PHI","2024","M","$71,401","$76,594","2024-09-13"
"","Joey Skinner","NSH","2024","D","$71,401","$76,401","2024-09-13"
"","Ian James","SKC","2024","D","$71,401","$75,999","2024-09-13"
"","Zidane Yañez","NYC","2024","F","$71,401","$75,568","2024-09-13"
"","Adam Beaudry","COL","2024","GK","$71,401","$75,568","2024-09-13"
"","Isaiah Jones","NSH","2024","M","$71,401","$75,401","2024-09-13"
"","Lorenzo Dellavalle","LAFC","2024","D","$71,401","$75,151","2024-09-13"
"","Luka Gavran","TOR","2024","GK","$71,401","$74,868","2024-09-13"
"","Yannick Bright","MIA","2024","M","$71,401","$74,426","2024-09-13"
"","Loïc Mesanvi","MIN","2024","F","$71,401","$74,392","2024-09-13"
"","Akil Watts","STL","2024","D","$74,096","$74,096","2024-09-13"
"","Sota Kitahara","SEA","2024","M","$71,401","$73,901","2024-09-13"
"","Joey Akpunonu","CIN","2024","D","$71,401","$73,901","2024-09-13"
"","Tyrese Spicer","TOR","2024","F","$71,401","$73,901","2024-09-13"
"","Grayson Doody","MTL","2024","D","$71,401","$73,682","2024-09-13"
"","Favian Loyola","ORL","2024","F","$71,401","$73,536","2024-09-13"
"","Peyton Miller","NER","2024","D","$71,401","$73,401","2024-09-13"
"","Giuseppe Bovalina","VAN","2024","D","$71,401","$73,401","2024-09-13"
"","Jack Neeley","CLT","2024","D","$71,401","$73,401","2024-09-13"
"","David Ruiz","MIA","2024","M","$71,401","$73,401","2024-09-13"
"","Israel Boatwright","MIA","2024","D","$71,401","$73,401","2024-09-13"
"","Hugo Bacharach","MIN","2024","D","$71,401","$73,285","2024-09-13"
"","Laurence Wootton","CHI","2024","M","$71,401","$73,285","2024-09-13"
"","Tucker Lepley","LAG","2024","F","$71,401","$73,087","2024-09-13"
"","Jamar Ricketts","SJE","2024","D","$71,401","$72,988","2024-09-13"
"","Kimani Stewart-Baynes","COL","2024","F","$71,401","$72,401","2024-09-13"
"","Matthew Bell","RSL","2024","F","$71,401","$71,847","2024-09-13"
"","Abdi Salim","ORL","2024","D","$71,401","$71,401","2024-09-13"
"","Wayne Frederick","COL","2024","M","$71,401","$71,401","2024-09-13"
"","Gabe Segal","HOU","2024","F","$71,401","$71,401","2024-09-13"
"","Jacob Murrell","DCU","2024","F","$71,401","$71,401","2024-09-13"
"","Malachi Jones","NYC","2024","F","$71,401","$71,401","2024-09-13"
"","Alessandro Biello","MTL","2024","M","$71,401","$71,401","2024-09-13"
"","Hosei Kijima","STL","2024","M","$71,401","$71,401","2024-09-13"
"","Bryant Farkarlun","ATX","2024","F","$71,401","$71,401","2024-09-13"
"","Chance Cowell","SJE","2024","F","$71,401","$71,401","2024-09-13"
"","Danny Flores","SKC","2024","M","$71,401","$71,401","2024-09-13"
"","Carl Sainté","FCD","2024","M","$71,401","$71,401","2024-09-13"
"","Christian Olivares","STL","2024","GK","$71,401","$71,401","2024-09-13"
"","Daniel Munie","SJE","2024","D","$71,401","$71,401","2024-09-13"
"","Jeevan Badwal","VAN","2024","M","$71,401","$71,401","2024-09-13"
"","Malik Pinto","CIN","2024","M","$71,401","$71,401","2024-09-13"
"","Nicksoen Gomis","TOR","2024","D","$71,401","$71,401","2024-09-13"
"","Adyn Torres","ATL","2024","M","$71,401","$71,401","2024-09-13"
"","Yutaro Tsukada","ORL","2024","F","$71,401","$71,401","2024-09-13"
"","Matthew Edwards","ATL","2024","D","$71,401","$71,401","2024-09-13"
"","Woobens Pacius","NSH","2024","F","$71,401","$71,401","2024-09-13"
"","Aaron Bibout","LAG","2024","F","$71,401","$71,401","2024-09-13"
"","Herbert Endeley","FCD","2024","D","$71,401","$71,401","2024-09-13"
"","Luke Brennan","ATL","2024","F","$71,401","$71,401","2024-09-13"
"","Tyler Hall","MIA","2024","D","$71,401","$71,401","2024-09-13"
"","Ryan Schewe","SKC","2024","GK","$71,401","$71,401","2024-09-13"
"","Bryan Dowd","CHI","2024","GK","$71,401","$71,401","2024-09-13"
"","Isaiah Parente","LAG","2024","M","$71,401","$71,401","2024-09-13"
"","Luca Moisa","RSL","2024","M","$71,401","$71,401","2024-09-13"
"","Kevin Bonilla","RSL","2024","D","$71,401","$71,401","2024-09-13"
"","Nick Firmino","ATL","2024","M","$71,401","$71,401","2024-09-13"
"","Diego Rosales","LAFC","2024","D","$71,401","$71,401","2024-09-13"
"","Nathan Crockford","DCU","2024","GK","$71,401","$71,401","2024-09-13"
"","Morris Duggan","MIN","2024","D","$71,401","$71,401","2024-09-13"
"","Alex Rando","NYC","2024","GK","$71,401","$71,401","2024-09-13"
"","Forster Ajago","NSH","2024","F","$71,401","$71,401","2024-09-13"
"","Tomas Pondeca","FCD","2024","M","$71,401","$71,401","2024-09-13"
"","Nicholas Scardina","CLT","2024","D","$71,401","$71,401","2024-09-13"
"","Julian Gaines","NSH","2024","D","$71,401","$71,401","2024-09-13"
"","Jeorgio Kocevski","ORL","2024","M","$71,401","$71,401","2024-09-13"
"","Nate Jones","COL","2024","D","$71,401","$71,401","2024-09-13"
"","Leo Afonso","MIA","2024","F","$71,401","$71,401","2024-09-13"
"","Luca Bombino","LAFC","2024","D","$71,401","$71,401","2024-09-13"
"","Michael Wentzel","STL","2024","D","$71,401","$71,401","2024-09-13"
"","Luis Müller","LAFC","2024","F","$71,401","$71,401","2024-09-13"
"","Jose Carlos Mercado","ORL","2024","GK","$71,401","$71,401","2024-09-13"
"","Tyson Pearce","STL","2024","D","$71,401","$71,401","2024-09-13"
"","London Aghedo","CIN","2024","D","$71,401","$71,401","2024-09-13"
"","Tyger Smalls","CLT","2024","F","$71,401","$71,401","2024-09-13"
"","Amet Korça","FCD","2024","D","$71,401","$71,401","2024-09-13"
"","Ajani Fortune","ATL","2024","M","$71,401","$71,401","2024-09-13"
"","Andrew Privett","CLT","2024","D","$71,401","$71,401","2024-09-13"
"","Cole Jensen","MIA","2024","GK","$71,401","$71,401","2024-09-13"
"","Patrick Agyemang","CLT","2024","F","$71,401","$71,401","2024-09-13"
"","Tomás Romero","NYC","2024","GK","$71,401","$71,401","2024-09-13"
"","Logan Farrington","FCD","2024","F","$71,401","$71,401","2024-09-13"
"","Justin Reynolds","CHI","2024","D","$71,401","$71,401","2024-09-13"
"","Gino Vivi","LAG","2024","F","$71,401","$71,401","2024-09-13"
"","Javier Otero","ORL","2024","GK","$71,401","$71,401","2024-09-13"
"","JahLane Forbes","CLT","2024","D","$71,401","$71,401","2024-09-13"
"","Alenis Vargas","SKC","2024","F","$71,401","$71,401","2024-09-13"
"","Miguel Perez","STL","2024","M","$71,401","$71,401","2024-09-13"
"","Alejandro Urzua","FCD","2024","M","$71,401","$71,401","2024-09-13"
"","Aidan O'Connor","NYRB","2024","D","$71,401","$71,401","2024-09-13"
"","Adrian Wibowo","LAFC","2024","F","$71,401","$71,401","2024-09-13"
"","Jayden Reid","STL","2024","D","$71,401","$71,401","2024-09-13"
"","Lawson Sunderland","MIA","2024","M","$71,401","$71,401","2024-09-13"
"","Garrison Tubbs","DCU","2024","D","$71,401","$71,401","2024-09-13"
"","Ousman Jabang","MTL","2024","M","$71,401","$71,401","2024-09-13"
"","Malik Henry-Scott","FCD","2024","F","$71,401","$71,401","2024-09-13"
"","Stephen Afrifa","SKC","2024","F","$71,401","$71,401","2024-09-13"
"","Chris Rindov","SKC","2024","D","$71,401","$71,401","2024-09-13"